cohort,M0,M1,M2,M3,M4,M5,M6,M7,M8,M9,M10,M11
2022-04,96.12801019571599,93.07615773206021,88.97683277630279,85.10618799106624,81.26545238689127,77.60478274488352,74.19548547680783,69.95694354410651,63.458670175733886,57.12453380021955,49.01886463637308,41.37315416498789
2022-05,96.73084010931014,92.70368386677865,89.3348041354848,84.76413383985147,80.05618325457249,76.06770957980862,71.3745866090937,68.21529565507558,60.689065204467056,55.36263268253266,48.22202104454571,42.73936646624265
2022-06,96.74568005659745,92.55218943864026,89.10016543743178,85.88627406881182,82.44566165467069,78.7460090846641,74.81043411549949,71.40694766296957,63.20491403689499,55.789564859136235,48.26338125904349,41.328918003450696
2022-07,95.41272509111684,91.25271673336124,87.9281195363566,83.52661484314228,78.59751268296378,74.59749596062335,69.81845583273106,66.13522852738885,58.29950788925029,51.16177807276974,43.97804175763575,40.0
2022-08,95.92879165300468,91.02130719911496,86.93289087881875,83.7687010342687,80.03601623091866,75.33431522290965,71.52176513681376,68.46736040502405,62.23147421003729,56.89575235635252,46.92649229924615,40.0
2022-09,95.39948329773483,91.19584905492388,86.66592933402053,83.32747844085218,79.7414319772133,75.69329822661257,71.98004966436704,68.88869173387624,58.972924507090184,51.76614991031595,44.246147713420186,40.0
2022-10,96.48051049450572,92.7067307238642,88.04269692459519,83.56920281202098,79.8107816781377,76.7847470047486,72.1899371266834,68.6511595314908,60.73773508884563,55.60998037959717,47.29897028325554,40.361353153889134
2022-11,96.00585240253098,92.1760407277816,88.47429692517832,84.37234111452948,79.42651973477983,76.20096730430369,72.57445024744426,69.49085482781365,60.79885603470914,52.51129409641392,46.43811536441415,40.0
